{"stats":{"minecraft:picked_up":{"minecraft:dirt":1},"minecraft:custom":{"minecraft:jump":66,"minecraft:time_since_rest":3239,"minecraft:leave_game":1,"minecraft:crouch_one_cm":5,"minecraft:sprint_one_cm":12437,"minecraft:play_time":3239,"minecraft:time_since_death":3239,"minecraft:walk_one_cm":2801,"minecraft:sneak_time":7,"minecraft:total_world_time":3239,"minecraft:talked_to_villager":1,"minecraft:fall_one_cm":1581,"minecraft:fly_one_cm":17229,"minecraft:horse_one_cm":227},"minecraft:used":{"minecraft:dirt":1},"minecraft:mined":{"minecraft:grass_block":1}},"DataVersion":3465}