{
  "minecraft:recipes/decorations/crafting_table": {
    "criteria": {
      "unlock_right_away": "2025-05-30 22:56:51 +0000"
    },
    "done": true
  },
  "beautify:progression/root": {
    "criteria": {
      "Install": "2025-05-30 22:56:51 +0000"
    },
    "done": true
  },
  "mowziesmobs:root": {
    "criteria": {
      "custom_test_name": "2025-05-30 22:56:51 +0000"
    },
    "done": true
  },
  "vinery:recipes/dirt_slab": {
    "criteria": {
      "has_dirt": "2025-05-30 22:58:02 +0000"
    },
    "done": true
  },
  "irons_spellbooks:grant_patchouli": {
    "criteria": {
      "tick": "2025-05-30 22:56:51 +0000"
    },
    "done": true
  },
  "vinery:main/fruits_of_the_field": {
    "criteria": {
      "fruits_of_the_field": "2025-05-30 22:56:52 +0000"
    },
    "done": true
  },
  "the_bumblezone:root": {
    "criteria": {
      "instant_granted": "2025-05-30 22:56:51 +0000"
    },
    "done": true
  },
  "bakery:main/root": {
    "criteria": {
      "seeds": "2025-05-30 22:58:02 +0000"
    },
    "done": true
  },
  "the_bumblezone:biomes/discover_all_biomes": {
    "criteria": {
      "bumbling_beepartments": "2025-05-30 22:56:52 +0000"
    },
    "done": false
  },
  "slashblade:movesets": {
    "criteria": {
      "crafting": "2025-05-30 22:58:02 +0000"
    },
    "done": true
  },
  "cataclysm:root": {
    "criteria": {
      "custom_test_name": "2025-05-30 22:56:51 +0000"
    },
    "done": true
  },
  "vinery:main/root": {
    "criteria": {
      "seeds": "2025-05-30 22:58:02 +0000"
    },
    "done": true
  },
  "farmersdelight:main/root": {
    "criteria": {
      "seeds": "2025-05-30 22:58:02 +0000"
    },
    "done": true
  },
  "the_bumblezone:wiki": {
    "criteria": {
      "instant_granted": "2025-05-30 22:56:51 +0000"
    },
    "done": true
  },
  "minecraft:adventure/adventuring_time": {
    "criteria": {
      "minecraft:plains": "2025-05-30 22:56:52 +0000"
    },
    "done": false
  },
  "DataVersion": 3465
}